0:00 ~ 1:00,0.637071085
1:00 ~ 2:00,0.80687821
2:00 ~ 3:00,0.837799521
3:00 ~ 4:00,0.467055272
4:00 ~ 5:00,0.188550799
5:00 ~ 6:00,0.092468951
6:00 ~ 7:00,0.049450075
7:00 ~ 8:00,0.012495443
8:00 ~ 9:00,0.028855959
9:00 ~ 10:00,0.033110671
10:00 ~ 11:00,0.100309711
11:00 ~ 12:00,0.077335152
12:00 ~ 13:00,0.12772759
13:00 ~ 14:00,0.131888583
14:00 ~ 15:00,0.120708234
15:00 ~ 16:00,0.177644481
16:00 ~ 17:00,0.268303451
17:00 ~ 18:00,0.330069753
18:00 ~ 19:00,0.317037026
19:00 ~ 20:00,0.306329479
20:00 ~ 21:00,0.333919059
21:00 ~ 22:00,0.300585183
22:00 ~ 23:00,0.306842815
23:00 ~ 0:00,0.254427119